detected,detect_time_min,horizon_min,flight_distance_m,energy_wh,search_minutes,unique_cells_searched,total_search_ops,redundant_search_ops,n_swaps,n_replans,replan_ms_total,planner,initial_model,area_name,seed,replicate,arm,target_profile,elapsed_before_min,n_uavs,moving_target,sweep_group,sweep_value
False,,180.0,87292.02088726076,915.8799072441398,138.0,15,46,31,17,15,306.82559999786463,rolling,custom,demo_valley,6000,0,map_eps=0.0,photographer,55.0,2,True,map_eps,0.0
False,,180.0,91298.35687113847,929.1538573324337,132.0,23,44,21,16,14,420.88619999321963,rolling,custom,demo_valley,6001,1,map_eps=0.0,desoriented,89.0,2,True,map_eps,0.0
False,,180.0,78612.4335233641,877.5050984512689,133.0,19,44,25,18,14,508.7128999966808,rolling,custom,demo_valley,6002,2,map_eps=0.0,hiker,36.0,2,True,map_eps,0.0
False,,180.0,96836.57951753438,951.9104065691396,132.0,21,44,23,14,13,431.2052999976004,rolling,custom,demo_valley,6003,3,map_eps=0.0,desoriented,43.0,2,True,map_eps,0.0
True,149.0,180.0,75630.73285187078,793.2612961415672,117.0,22,39,17,11,12,455.14599999751226,rolling,custom,demo_valley,6004,4,map_eps=0.0,hiker,65.0,2,True,map_eps,0.0
False,,180.0,95357.55554251675,941.6109308884384,132.0,27,44,17,15,14,493.5414000055971,rolling,custom,demo_valley,6005,5,map_eps=0.0,hiker,89.0,2,True,map_eps,0.0
False,,180.0,98193.7195364862,966.5270576695646,138.0,30,46,16,14,15,499.51439998949354,rolling,custom,demo_valley,6006,6,map_eps=0.0,hiker,52.0,2,True,map_eps,0.0
True,38.0,180.0,14757.95308085941,184.21541959806243,33.0,8,11,3,3,4,264.1126999978951,rolling,custom,demo_valley,6007,7,map_eps=0.0,desoriented,58.0,2,True,map_eps,0.0
False,,180.0,70976.2561348478,883.0902118639649,145.0,22,48,26,17,16,522.5916000035795,rolling,custom,demo_valley,6008,8,map_eps=0.0,hiker,70.0,2,True,map_eps,0.0
False,,180.0,99946.5665025806,971.7965153004466,129.0,28,43,15,15,14,516.7135999981838,rolling,custom,demo_valley,6009,9,map_eps=0.0,hiker,87.0,2,True,map_eps,0.0
False,,180.0,96294.985316618,936.8306125418901,132.0,27,44,17,14,14,592.0641999937288,rolling,custom,demo_valley,6010,10,map_eps=0.0,hiker,67.0,2,True,map_eps,0.0
False,,180.0,117264.65833228489,1016.6092569820772,114.0,23,38,15,14,13,318.74830000379006,rolling,custom,demo_valley,6011,11,map_eps=0.0,hiker,57.0,2,True,map_eps,0.0
False,,180.0,96800.70019049347,966.971772164594,138.0,26,46,20,14,15,515.8008000034897,rolling,custom,demo_valley,6012,12,map_eps=0.0,desoriented,41.0,2,True,map_eps,0.0
False,,180.0,117575.88467109475,1037.13034276307,120.0,23,40,17,14,13,426.8631000077221,rolling,custom,demo_valley,6013,13,map_eps=0.0,desoriented,89.0,2,True,map_eps,0.0
False,,180.0,101950.741580832,978.0065852730997,129.0,24,43,19,14,12,400.09890000419546,rolling,custom,demo_valley,6014,14,map_eps=0.0,hiker,86.0,2,True,map_eps,0.0
False,,180.0,87559.55443384484,930.5707012118185,141.0,32,47,15,15,14,571.7963000051896,rolling,custom,demo_valley,6015,15,map_eps=0.0,injured,46.0,2,True,map_eps,0.0
False,,180.0,122285.5714026447,1015.5159947073771,108.0,22,36,14,15,12,432.3006999975405,rolling,custom,demo_valley,6016,16,map_eps=0.0,hiker,62.0,2,True,map_eps,0.0
False,,180.0,100210.34984656452,962.8533494505511,132.0,28,44,16,14,14,523.8720999941506,rolling,custom,demo_valley,6017,17,map_eps=0.0,hiker,30.0,2,True,map_eps,0.0
True,151.0,180.0,80309.67466131545,771.0429468804145,107.0,18,35,17,15,12,457.92740000342746,rolling,custom,demo_valley,6018,18,map_eps=0.0,desoriented,90.0,2,True,map_eps,0.0
False,,180.0,67510.00655983195,866.7301454104181,149.0,19,49,30,17,16,500.48790000437293,rolling,custom,demo_valley,6019,19,map_eps=0.0,hiker,45.0,2,True,map_eps,0.0
True,12.0,180.0,5236.290103285562,65.74809573104525,13.0,4,4,0,0,1,103.19230000095558,rolling,custom,demo_valley,6020,20,map_eps=0.0,desoriented,81.0,2,True,map_eps,0.0
False,,180.0,77380.34869772871,903.3541029856843,144.0,23,48,25,17,16,463.86740000798454,rolling,custom,demo_valley,6021,21,map_eps=0.0,desoriented,56.0,2,True,map_eps,0.0
False,,180.0,103983.539591051,1001.0103088655487,132.0,29,44,15,14,14,448.01189999543567,rolling,custom,demo_valley,6022,22,map_eps=0.0,desoriented,65.0,2,True,map_eps,0.0
False,,180.0,100176.58164936068,970.4043744797434,135.0,20,45,25,15,15,355.38609999821347,rolling,custom,demo_valley,6023,23,map_eps=0.0,photographer,75.0,2,True,map_eps,0.0
True,3.0,180.0,3288.683298050514,19.173503637390343,1.0,0,0,0,0,1,87.75100000093516,rolling,custom,demo_valley,6000,0,map_eps=0.2,photographer,55.0,2,True,map_eps,0.2
False,,180.0,98643.03227626102,961.4347976307922,129.0,24,43,19,15,14,436.26920000224345,rolling,custom,demo_valley,6001,1,map_eps=0.2,desoriented,89.0,2,True,map_eps,0.2
True,44.0,180.0,19267.743649772994,218.33730950152972,34.0,8,11,3,4,4,338.9186000049449,rolling,custom,demo_valley,6002,2,map_eps=0.2,hiker,36.0,2,True,map_eps,0.2
False,,180.0,100800.774710131,993.0236550479286,138.0,22,46,24,14,14,443.00310000107856,rolling,custom,demo_valley,6003,3,map_eps=0.2,desoriented,43.0,2,True,map_eps,0.2
False,,180.0,90929.32088354297,915.8493851806095,126.0,27,42,15,15,13,515.1785999942149,rolling,custom,demo_valley,6004,4,map_eps=0.2,hiker,65.0,2,True,map_eps,0.2
False,,180.0,99219.11162529356,959.5541269273382,129.0,28,43,15,15,14,468.62419999979466,rolling,custom,demo_valley,6005,5,map_eps=0.2,hiker,89.0,2,True,map_eps,0.2
False,,180.0,93565.69597102854,935.3210640809118,135.0,29,45,16,14,14,551.2445999938791,rolling,custom,demo_valley,6006,6,map_eps=0.2,hiker,52.0,2,True,map_eps,0.2
False,,180.0,70863.91184170343,854.3669606146751,141.0,21,47,26,17,15,458.57950000117853,rolling,custom,demo_valley,6007,7,map_eps=0.2,desoriented,58.0,2,True,map_eps,0.2
False,,180.0,87397.25677837705,928.2620027420687,135.0,24,45,21,16,14,491.5370999924562,rolling,custom,demo_valley,6008,8,map_eps=0.2,hiker,70.0,2,True,map_eps,0.2
False,,180.0,99947.70351754178,975.9780349109562,129.0,28,43,15,15,13,519.1346000001431,rolling,custom,demo_valley,6009,9,map_eps=0.2,hiker,87.0,2,True,map_eps,0.2
False,,180.0,93916.77760812509,934.1545936192772,135.0,26,45,19,14,14,605.4133000079673,rolling,custom,demo_valley,6010,10,map_eps=0.2,hiker,67.0,2,True,map_eps,0.2
False,,180.0,118614.8797830886,1011.0354564088917,111.0,21,37,16,15,12,307.65649999466405,rolling,custom,demo_valley,6011,11,map_eps=0.2,hiker,57.0,2,True,map_eps,0.2
False,,180.0,97589.91799407001,968.597077609074,138.0,24,46,22,14,15,519.0466999947603,rolling,custom,demo_valley,6012,12,map_eps=0.2,desoriented,41.0,2,True,map_eps,0.2
False,,180.0,113131.18233363843,1022.7343121783447,125.0,20,41,21,14,13,428.8815000127215,rolling,custom,demo_valley,6013,13,map_eps=0.2,desoriented,89.0,2,True,map_eps,0.2
False,,180.0,106480.1739839894,975.6295078441246,123.0,24,41,17,14,13,329.6679000086442,rolling,custom,demo_valley,6014,14,map_eps=0.2,hiker,86.0,2,True,map_eps,0.2
False,,180.0,94978.48380736643,949.1558817480354,137.0,30,45,15,15,15,515.833799997381,rolling,custom,demo_valley,6015,15,map_eps=0.2,injured,46.0,2,True,map_eps,0.2
False,,180.0,123814.14842170262,1022.4524102033192,108.0,22,36,14,15,12,414.2067000020688,rolling,custom,demo_valley,6016,16,map_eps=0.2,hiker,62.0,2,True,map_eps,0.2
False,,180.0,93727.41440295771,929.5255461676406,132.0,29,44,15,14,14,519.1129999993791,rolling,custom,demo_valley,6017,17,map_eps=0.2,hiker,30.0,2,True,map_eps,0.2
True,47.0,180.0,25608.802328536476,244.90304170395962,34.0,8,11,3,4,4,322.1396000008099,rolling,custom,demo_valley,6018,18,map_eps=0.2,desoriented,90.0,2,True,map_eps,0.2
False,,180.0,71824.61501228492,876.7145390611042,146.0,20,48,28,17,16,450.3699999977471,rolling,custom,demo_valley,6019,19,map_eps=0.2,hiker,45.0,2,True,map_eps,0.2
False,,180.0,85859.78678277475,923.1083167933627,138.0,23,46,23,16,15,408.05649999583693,rolling,custom,demo_valley,6020,20,map_eps=0.2,desoriented,81.0,2,True,map_eps,0.2
False,,180.0,74075.16401504965,894.9742879578959,147.0,24,49,25,17,16,429.8627000016495,rolling,custom,demo_valley,6021,21,map_eps=0.2,desoriented,56.0,2,True,map_eps,0.2
False,,180.0,109938.48564871447,1006.6962988593758,126.0,23,42,19,14,13,401.18710000115243,rolling,custom,demo_valley,6022,22,map_eps=0.2,desoriented,65.0,2,True,map_eps,0.2
False,,180.0,100362.96686021172,972.0629946159452,135.0,22,45,23,15,15,328.6649000028774,rolling,custom,demo_valley,6023,23,map_eps=0.2,photographer,75.0,2,True,map_eps,0.2
False,,180.0,86874.82976634627,880.9896501395401,129.0,15,43,28,18,14,316.60099999317026,rolling,custom,demo_valley,6000,0,map_eps=0.4,photographer,55.0,2,True,map_eps,0.4
False,,180.0,102406.6644861669,986.6286068726556,129.0,31,43,12,15,14,406.6064000035112,rolling,custom,demo_valley,6001,1,map_eps=0.4,desoriented,89.0,2,True,map_eps,0.4
False,,180.0,76994.63153646712,865.5803603574545,132.0,18,44,26,18,14,520.4628000001321,rolling,custom,demo_valley,6002,2,map_eps=0.4,hiker,36.0,2,True,map_eps,0.4
False,,180.0,102708.7117215933,989.6357436001972,135.0,20,45,25,14,15,408.70620000441704,rolling,custom,demo_valley,6003,3,map_eps=0.4,desoriented,43.0,2,True,map_eps,0.4
False,,180.0,99514.11965324712,965.5544773491525,126.0,27,42,15,15,13,467.9654000028677,rolling,custom,demo_valley,6004,4,map_eps=0.4,hiker,65.0,2,True,map_eps,0.4
False,,180.0,103077.24290929032,976.1336578411072,129.0,25,43,18,14,14,520.5302000049414,rolling,custom,demo_valley,6005,5,map_eps=0.4,hiker,89.0,2,True,map_eps,0.4
False,,180.0,94800.27938603175,935.0205315652311,135.0,28,45,17,14,14,551.1129000078654,rolling,custom,demo_valley,6006,6,map_eps=0.4,hiker,52.0,2,True,map_eps,0.4
False,,180.0,90004.29440632727,906.6163529277683,126.0,24,42,18,16,13,426.4539999967383,rolling,custom,demo_valley,6007,7,map_eps=0.4,desoriented,58.0,2,True,map_eps,0.4
False,,180.0,102267.12708538503,944.1833695948146,117.0,23,39,16,15,12,489.8546999993414,rolling,custom,demo_valley,6008,8,map_eps=0.4,hiker,70.0,2,True,map_eps,0.4
False,,180.0,107727.24422742016,998.3476329302072,123.0,29,41,12,15,14,502.7012000055038,rolling,custom,demo_valley,6009,9,map_eps=0.4,hiker,87.0,2,True,map_eps,0.4
False,,180.0,95703.8514968933,937.5720188927511,132.0,27,44,17,14,14,580.891999990854,rolling,custom,demo_valley,6010,10,map_eps=0.4,hiker,67.0,2,True,map_eps,0.4
False,,180.0,118453.37173705085,1010.2039009281893,111.0,21,37,16,15,12,330.2084999950239,rolling,custom,demo_valley,6011,11,map_eps=0.4,hiker,57.0,2,True,map_eps,0.4
False,,180.0,96649.38251378872,968.394194262926,138.0,27,46,19,15,15,543.2446999939202,rolling,custom,demo_valley,6012,12,map_eps=0.4,desoriented,41.0,2,True,map_eps,0.4
False,,180.0,120772.53421395761,1031.6472244373795,114.0,20,38,18,14,12,434.16680001519126,rolling,custom,demo_valley,6013,13,map_eps=0.4,desoriented,89.0,2,True,map_eps,0.4
False,,180.0,113211.81121018596,990.3484594084848,117.0,21,39,18,14,13,340.78259999660077,rolling,custom,demo_valley,6014,14,map_eps=0.4,hiker,86.0,2,True,map_eps,0.4
False,,180.0,94560.18355227221,949.0459926133733,135.0,34,45,11,14,14,491.7929000021104,rolling,custom,demo_valley,6015,15,map_eps=0.4,injured,46.0,2,True,map_eps,0.4
False,,180.0,118357.69164561474,1023.755829272925,117.0,24,39,15,14,12,399.8029999947903,rolling,custom,demo_valley,6016,16,map_eps=0.4,hiker,62.0,2,True,map_eps,0.4
False,,180.0,93042.28449628344,931.7649989688045,135.0,29,45,16,14,14,535.6429999974353,rolling,custom,demo_valley,6017,17,map_eps=0.4,hiker,30.0,2,True,map_eps,0.4
False,,180.0,92941.94339961123,915.8830721062235,132.0,22,44,22,17,14,487.0912999904249,rolling,custom,demo_valley,6018,18,map_eps=0.4,desoriented,90.0,2,True,map_eps,0.4
False,,180.0,83132.7814315687,913.9823669896441,138.0,22,46,24,16,15,434.1868999954386,rolling,custom,demo_valley,6019,19,map_eps=0.4,hiker,45.0,2,True,map_eps,0.4
False,,180.0,94459.82310431682,933.3275482327517,129.0,24,43,19,16,14,419.5952000018224,rolling,custom,demo_valley,6020,20,map_eps=0.4,desoriented,81.0,2,True,map_eps,0.4
False,,180.0,91972.79534851012,936.2179320815098,132.0,27,44,17,16,14,415.81459999906656,rolling,custom,demo_valley,6021,21,map_eps=0.4,desoriented,56.0,2,True,map_eps,0.4
False,,180.0,109104.00564171864,1010.1674195043845,129.0,22,43,21,14,14,417.90909999781434,rolling,custom,demo_valley,6022,22,map_eps=0.4,desoriented,65.0,2,True,map_eps,0.4
False,,180.0,106424.93289867204,978.4919316908008,126.0,20,42,22,16,14,341.9216000029337,rolling,custom,demo_valley,6023,23,map_eps=0.4,photographer,75.0,2,True,map_eps,0.4
True,9.0,180.0,5098.374644313831,57.283444763059606,8.0,1,2,1,0,1,104.20020000037766,rolling,custom,demo_valley,6000,0,map_eps=0.6,photographer,55.0,2,True,map_eps,0.6
False,,180.0,97712.34435086322,952.5669846903075,129.0,28,43,15,16,14,433.83219999850553,rolling,custom,demo_valley,6001,1,map_eps=0.6,desoriented,89.0,2,True,map_eps,0.6
False,,180.0,102604.70930652606,934.8168930824645,114.0,21,38,17,17,12,518.7403000018094,rolling,custom,demo_valley,6002,2,map_eps=0.6,hiker,36.0,2,True,map_eps,0.6
False,,180.0,101755.96809519592,977.2734273508993,132.0,22,44,22,14,12,419.58480000539566,rolling,custom,demo_valley,6003,3,map_eps=0.6,desoriented,43.0,2,True,map_eps,0.6
False,,180.0,101901.91882980146,978.6849381619493,126.0,27,42,15,15,14,500.9305999992648,rolling,custom,demo_valley,6004,4,map_eps=0.6,hiker,65.0,2,True,map_eps,0.6
False,,180.0,124816.04803807418,1019.5088266835643,105.0,28,35,7,15,12,437.9016999973828,rolling,custom,demo_valley,6005,5,map_eps=0.6,hiker,89.0,2,True,map_eps,0.6
False,,180.0,97893.48295764744,927.0720970016214,126.0,30,42,12,15,13,530.3958999984388,rolling,custom,demo_valley,6006,6,map_eps=0.6,hiker,52.0,2,True,map_eps,0.6
False,,180.0,113273.45892480947,989.3582280537323,114.0,19,38,19,14,12,425.8427999866399,rolling,custom,demo_valley,6007,7,map_eps=0.6,desoriented,58.0,2,True,map_eps,0.6
False,,180.0,115754.06767415439,990.9131177372833,111.0,25,37,12,14,11,527.6723999986643,rolling,custom,demo_valley,6008,8,map_eps=0.6,hiker,70.0,2,True,map_eps,0.6
False,,180.0,101891.77429639554,978.9688009070193,126.0,29,42,13,15,14,538.1842999986475,rolling,custom,demo_valley,6009,9,map_eps=0.6,hiker,87.0,2,True,map_eps,0.6
False,,180.0,96336.93996079391,938.8788181743735,132.0,27,44,17,14,14,651.8726999956925,rolling,custom,demo_valley,6010,10,map_eps=0.6,hiker,67.0,2,True,map_eps,0.6
False,,180.0,118370.36869458386,1002.4933089801088,111.0,22,37,15,15,11,344.03540000221255,rolling,custom,demo_valley,6011,11,map_eps=0.6,hiker,57.0,2,True,map_eps,0.6
False,,180.0,88379.91577200283,908.7309303687118,135.0,26,45,19,15,14,545.9834000066621,rolling,custom,demo_valley,6012,12,map_eps=0.6,desoriented,41.0,2,True,map_eps,0.6
False,,180.0,111807.9036199743,1019.5510245297176,126.0,23,42,19,14,14,424.271899996711,rolling,custom,demo_valley,6013,13,map_eps=0.6,desoriented,89.0,2,True,map_eps,0.6
False,,180.0,121634.20850168634,1011.3819555660377,108.0,28,36,8,15,11,337.20500000254106,rolling,custom,demo_valley,6014,14,map_eps=0.6,hiker,86.0,2,True,map_eps,0.6
True,108.0,180.0,69381.68223262309,603.3162009421214,70.0,19,23,4,8,7,361.06549999931303,rolling,custom,demo_valley,6015,15,map_eps=0.6,injured,46.0,2,True,map_eps,0.6
False,,180.0,116996.31512187517,1026.6219886216268,120.0,22,40,18,14,12,417.0496999977331,rolling,custom,demo_valley,6016,16,map_eps=0.6,hiker,62.0,2,True,map_eps,0.6
False,,180.0,91564.86229520373,919.3509947110482,135.0,32,45,13,15,14,507.38339999952586,rolling,custom,demo_valley,6017,17,map_eps=0.6,hiker,30.0,2,True,map_eps,0.6
False,,180.0,88649.95347843095,927.0195400029488,141.0,24,47,23,16,15,474.4676000009349,rolling,custom,demo_valley,6018,18,map_eps=0.6,desoriented,90.0,2,True,map_eps,0.6
False,,180.0,130665.09915253767,1033.2287167674974,102.0,24,34,10,14,11,343.1711999983236,rolling,custom,demo_valley,6019,19,map_eps=0.6,hiker,45.0,2,True,map_eps,0.6
True,14.0,180.0,10203.267354000767,90.54269298546089,12.0,4,4,0,0,1,89.37960000002931,rolling,custom,demo_valley,6020,20,map_eps=0.6,desoriented,81.0,2,True,map_eps,0.6
False,,180.0,118668.5666245427,997.6247832514357,111.0,27,37,10,14,12,348.88199999841163,rolling,custom,demo_valley,6021,21,map_eps=0.6,desoriented,56.0,2,True,map_eps,0.6
False,,180.0,106932.70569706263,996.6177510930559,129.0,23,43,20,14,14,421.7678999866621,rolling,custom,demo_valley,6022,22,map_eps=0.6,desoriented,65.0,2,True,map_eps,0.6
False,,180.0,95724.04000144161,955.6046491782183,138.0,20,46,26,15,14,307.1950000085053,rolling,custom,demo_valley,6023,23,map_eps=0.6,photographer,75.0,2,True,map_eps,0.6
False,,180.0,82172.24771116071,905.0057950871949,143.0,14,47,33,17,16,327.56600000902836,rolling,datadriven,demo_valley,6000,0,q_bias=0.6,photographer,55.0,2,True,q_bias,0.6
False,,180.0,91164.03459176683,940.0668912145735,135.0,25,45,20,14,14,412.49969999898894,rolling,datadriven,demo_valley,6001,1,q_bias=0.6,desoriented,89.0,2,True,q_bias,0.6
False,,180.0,78359.89484728301,875.3828404848928,133.0,15,44,29,18,14,506.39549999505107,rolling,datadriven,demo_valley,6002,2,q_bias=0.6,hiker,36.0,2,True,q_bias,0.6
False,,180.0,98875.91691883841,956.7268534783414,129.0,19,43,24,14,13,447.19319999512663,rolling,datadriven,demo_valley,6003,3,q_bias=0.6,desoriented,43.0,2,True,q_bias,0.6
False,,180.0,86879.79429667367,919.9061017688045,135.0,23,45,22,15,14,494.6583999935683,rolling,datadriven,demo_valley,6004,4,q_bias=0.6,hiker,65.0,2,True,q_bias,0.6
False,,180.0,97488.55969237692,940.3510877759088,126.0,24,42,18,16,13,468.1609999988723,rolling,datadriven,demo_valley,6005,5,q_bias=0.6,hiker,89.0,2,True,q_bias,0.6
False,,180.0,91705.00874905591,918.4300387853352,135.0,22,45,23,14,14,514.4303000079162,rolling,datadriven,demo_valley,6006,6,q_bias=0.6,hiker,52.0,2,True,q_bias,0.6
False,,180.0,79653.59093763528,899.5697339254723,141.0,15,47,32,17,15,424.9742000065453,rolling,datadriven,demo_valley,6007,7,q_bias=0.6,desoriented,58.0,2,True,q_bias,0.6
False,,180.0,78437.53621915198,891.9655395858733,138.0,15,46,31,17,15,490.76529999820195,rolling,datadriven,demo_valley,6008,8,q_bias=0.6,hiker,70.0,2,True,q_bias,0.6
False,,180.0,95883.40429547115,960.4637371746778,132.0,25,44,19,15,15,511.4493999963088,rolling,datadriven,demo_valley,6009,9,q_bias=0.6,hiker,87.0,2,True,q_bias,0.6
False,,180.0,91330.87139304093,918.8292204809208,135.0,25,45,20,14,14,602.4815999981001,rolling,datadriven,demo_valley,6010,10,q_bias=0.6,hiker,67.0,2,True,q_bias,0.6
False,,180.0,119422.69903949663,1023.593809223592,114.0,20,38,18,15,12,300.53330000555434,rolling,datadriven,demo_valley,6011,11,q_bias=0.6,hiker,57.0,2,True,q_bias,0.6
False,,180.0,93023.32543132201,940.7455431169886,138.0,18,46,28,15,15,540.3032999984134,rolling,datadriven,demo_valley,6012,12,q_bias=0.6,desoriented,41.0,2,True,q_bias,0.6
False,,180.0,108956.63961060584,1008.9384938132082,126.0,21,42,21,14,13,436.4590000013777,rolling,datadriven,demo_valley,6013,13,q_bias=0.6,desoriented,89.0,2,True,q_bias,0.6
False,,180.0,99328.25189223015,972.3002349063443,132.0,21,44,23,14,8,332.24309999513935,rolling,datadriven,demo_valley,6014,14,q_bias=0.6,hiker,86.0,2,True,q_bias,0.6
False,,180.0,88451.13981123401,927.7591116177541,138.0,27,46,19,15,15,641.8591000137894,rolling,datadriven,demo_valley,6015,15,q_bias=0.6,injured,46.0,2,True,q_bias,0.6
False,,180.0,121985.60932260397,1017.4029779163421,108.0,21,36,15,15,12,590.7962000019324,rolling,datadriven,demo_valley,6016,16,q_bias=0.6,hiker,62.0,2,True,q_bias,0.6
False,,180.0,92909.58587545433,916.4127322194529,132.0,23,44,21,14,14,651.4206999972885,rolling,datadriven,demo_valley,6017,17,q_bias=0.6,hiker,30.0,2,True,q_bias,0.6
True,58.0,180.0,29097.53282687057,300.19298773391824,45.0,12,15,3,5,5,424.3359000038254,rolling,datadriven,demo_valley,6018,18,q_bias=0.6,desoriented,90.0,2,True,q_bias,0.6
False,,180.0,73392.08485916714,887.7800172815847,145.0,17,48,31,17,16,546.1976000087816,rolling,datadriven,demo_valley,6019,19,q_bias=0.6,hiker,45.0,2,True,q_bias,0.6
False,,180.0,76382.45931010063,895.836176550242,144.0,18,48,30,17,16,479.57270000370045,rolling,datadriven,demo_valley,6020,20,q_bias=0.6,desoriented,81.0,2,True,q_bias,0.6
False,,180.0,71970.0545126614,858.468809280744,141.0,18,47,29,17,15,516.988800000945,rolling,datadriven,demo_valley,6021,21,q_bias=0.6,desoriented,56.0,2,True,q_bias,0.6
False,,180.0,100824.98302375583,977.8139730861112,132.0,24,44,20,14,14,442.30110000717104,rolling,datadriven,demo_valley,6022,22,q_bias=0.6,desoriented,65.0,2,True,q_bias,0.6
False,,180.0,87214.6879271263,925.0508937241318,141.0,17,47,30,15,15,393.45240000147896,rolling,datadriven,demo_valley,6023,23,q_bias=0.6,photographer,75.0,2,True,q_bias,0.6
True,7.0,180.0,5014.789701060901,47.436522851094836,5.0,1,1,0,0,1,79.3677999990905,rolling,datadriven,demo_valley,6000,0,q_bias=0.8,photographer,55.0,2,True,q_bias,0.8
False,,180.0,89245.95088365376,929.3005247091903,135.0,23,45,22,15,14,453.41520000056335,rolling,datadriven,demo_valley,6001,1,q_bias=0.8,desoriented,89.0,2,True,q_bias,0.8
True,75.0,180.0,34213.29954854111,369.3833025310445,56.0,11,18,7,7,6,377.01499999730004,rolling,datadriven,demo_valley,6002,2,q_bias=0.8,hiker,36.0,2,True,q_bias,0.8
False,,180.0,101418.11824378869,984.7865728547299,135.0,22,45,23,14,14,422.7082000033988,rolling,datadriven,demo_valley,6003,3,q_bias=0.8,desoriented,43.0,2,True,q_bias,0.8
True,147.0,180.0,76332.31632630124,792.7474574030325,115.0,20,38,18,11,12,442.3324999997931,rolling,datadriven,demo_valley,6004,4,q_bias=0.8,hiker,65.0,2,True,q_bias,0.8
False,,180.0,100666.62290850692,948.5393073243206,123.0,25,41,16,16,13,454.2340999987573,rolling,datadriven,demo_valley,6005,5,q_bias=0.8,hiker,89.0,2,True,q_bias,0.8
False,,180.0,92669.78805607301,927.7041694611689,135.0,26,45,19,14,14,504.5101999967301,rolling,datadriven,demo_valley,6006,6,q_bias=0.8,hiker,52.0,2,True,q_bias,0.8
False,,180.0,72558.7499671671,861.9277386802311,141.0,18,47,29,17,15,452.2361000044839,rolling,datadriven,demo_valley,6007,7,q_bias=0.8,desoriented,58.0,2,True,q_bias,0.8
False,,180.0,78376.00324264454,891.1110729848973,138.0,19,46,27,17,15,494.2429000047923,rolling,datadriven,demo_valley,6008,8,q_bias=0.8,hiker,70.0,2,True,q_bias,0.8
False,,180.0,92017.83030710096,920.504638425952,126.0,27,42,15,15,13,646.8563999969774,rolling,datadriven,demo_valley,6009,9,q_bias=0.8,hiker,87.0,2,True,q_bias,0.8
False,,180.0,94778.77951969492,929.5834904055278,132.0,25,44,19,14,14,668.4860999994271,rolling,datadriven,demo_valley,6010,10,q_bias=0.8,hiker,67.0,2,True,q_bias,0.8
False,,180.0,117428.41832040393,1005.7800548875207,111.0,21,37,16,15,12,440.1426000013089,rolling,datadriven,demo_valley,6011,11,q_bias=0.8,hiker,57.0,2,True,q_bias,0.8
False,,180.0,95267.46156682434,956.8967315916248,138.0,22,46,24,14,15,1862.1865999975853,rolling,datadriven,demo_valley,6012,12,q_bias=0.8,desoriented,41.0,2,True,q_bias,0.8
False,,180.0,109788.58197603247,1012.0081170234678,126.0,20,42,22,14,13,533.2535999941683,rolling,datadriven,demo_valley,6013,13,q_bias=0.8,desoriented,89.0,2,True,q_bias,0.8
False,,180.0,104280.88666995021,990.8664312928106,129.0,21,43,22,14,12,442.991399992934,rolling,datadriven,demo_valley,6014,14,q_bias=0.8,hiker,86.0,2,True,q_bias,0.8
False,,180.0,88487.15414974,930.0877106009684,138.0,32,46,14,15,15,546.1783000000651,rolling,datadriven,demo_valley,6015,15,q_bias=0.8,injured,46.0,2,True,q_bias,0.8
False,,180.0,120952.19036407309,1012.4120106595975,108.0,21,36,15,15,12,504.2261999933544,rolling,datadriven,demo_valley,6016,16,q_bias=0.8,hiker,62.0,2,True,q_bias,0.8
False,,180.0,101305.19462917643,965.7676343866736,132.0,26,44,18,14,15,520.0200999988738,rolling,datadriven,demo_valley,6017,17,q_bias=0.8,hiker,30.0,2,True,q_bias,0.8
True,115.0,180.0,59231.28605895858,588.8351137114322,85.0,19,28,9,11,10,447.03560000107245,rolling,datadriven,demo_valley,6018,18,q_bias=0.8,desoriented,90.0,2,True,q_bias,0.8
False,,180.0,67280.7323727548,861.0504631733494,148.0,17,49,32,17,16,474.9813999969774,rolling,datadriven,demo_valley,6019,19,q_bias=0.8,hiker,45.0,2,True,q_bias,0.8
True,12.0,180.0,5236.290103285562,65.74809573104525,13.0,4,4,0,0,1,103.03339999973105,rolling,datadriven,demo_valley,6020,20,q_bias=0.8,desoriented,81.0,2,True,q_bias,0.8
False,,180.0,70988.20017839555,854.834728334363,141.0,21,47,26,17,15,510.48700000319513,rolling,datadriven,demo_valley,6021,21,q_bias=0.8,desoriented,56.0,2,True,q_bias,0.8
False,,180.0,110699.30274409549,999.5444652614597,123.0,22,41,19,15,13,446.29539999823464,rolling,datadriven,demo_valley,6022,22,q_bias=0.8,desoriented,65.0,2,True,q_bias,0.8
False,,180.0,93528.67637634734,968.9880808176007,144.0,20,48,28,15,15,368.7036999999691,rolling,datadriven,demo_valley,6023,23,q_bias=0.8,photographer,75.0,2,True,q_bias,0.8
True,7.0,180.0,5014.789701060901,47.436522851094836,5.0,1,1,0,0,1,89.02250000301137,rolling,datadriven,demo_valley,6000,0,q_bias=1.0,photographer,55.0,2,True,q_bias,1.0
False,,180.0,91298.35687113847,929.1538573324337,132.0,23,44,21,16,14,462.28779999364633,rolling,datadriven,demo_valley,6001,1,q_bias=1.0,desoriented,89.0,2,True,q_bias,1.0
False,,180.0,78612.4335233641,877.5050984512689,133.0,19,44,25,18,14,542.6710999945499,rolling,datadriven,demo_valley,6002,2,q_bias=1.0,hiker,36.0,2,True,q_bias,1.0
False,,180.0,96836.57951753438,951.9104065691396,132.0,21,44,23,14,13,473.3265999948344,rolling,datadriven,demo_valley,6003,3,q_bias=1.0,desoriented,43.0,2,True,q_bias,1.0
False,,180.0,90268.03925561832,939.4042305845052,135.0,26,45,19,15,14,513.6014999961844,rolling,datadriven,demo_valley,6004,4,q_bias=1.0,hiker,65.0,2,True,q_bias,1.0
False,,180.0,95357.55554251675,941.6109308884384,132.0,27,44,17,15,14,524.9451000026966,rolling,datadriven,demo_valley,6005,5,q_bias=1.0,hiker,89.0,2,True,q_bias,1.0
False,,180.0,98193.7195364862,966.5270576695646,138.0,30,46,16,14,15,518.5662999965643,rolling,datadriven,demo_valley,6006,6,q_bias=1.0,hiker,52.0,2,True,q_bias,1.0
False,,180.0,70604.74902566131,853.9275774804737,141.0,20,47,27,17,15,501.5032000019346,rolling,datadriven,demo_valley,6007,7,q_bias=1.0,desoriented,58.0,2,True,q_bias,1.0
False,,180.0,70976.2561348478,883.0902118639649,145.0,22,48,26,17,16,555.2180000013323,rolling,datadriven,demo_valley,6008,8,q_bias=1.0,hiker,70.0,2,True,q_bias,1.0
False,,180.0,99946.5665025806,971.7965153004466,129.0,28,43,15,15,14,958.7871000021551,rolling,datadriven,demo_valley,6009,9,q_bias=1.0,hiker,87.0,2,True,q_bias,1.0
False,,180.0,96294.985316618,936.8306125418901,132.0,27,44,17,14,14,596.683499991741,rolling,datadriven,demo_valley,6010,10,q_bias=1.0,hiker,67.0,2,True,q_bias,1.0
False,,180.0,117264.65833228489,1016.6092569820772,114.0,23,38,15,14,13,325.81249999202555,rolling,datadriven,demo_valley,6011,11,q_bias=1.0,hiker,57.0,2,True,q_bias,1.0
False,,180.0,96800.70019049347,966.971772164594,138.0,26,46,20,14,15,514.3924000003608,rolling,datadriven,demo_valley,6012,12,q_bias=1.0,desoriented,41.0,2,True,q_bias,1.0
False,,180.0,117575.88467109475,1037.13034276307,120.0,23,40,17,14,13,417.9277000012007,rolling,datadriven,demo_valley,6013,13,q_bias=1.0,desoriented,89.0,2,True,q_bias,1.0
False,,180.0,101950.741580832,978.0065852730997,129.0,24,43,19,14,12,365.25409999921976,rolling,datadriven,demo_valley,6014,14,q_bias=1.0,hiker,86.0,2,True,q_bias,1.0
True,81.0,180.0,41162.774434412975,424.69601673841316,65.0,21,21,0,6,7,382.8233999975055,rolling,datadriven,demo_valley,6015,15,q_bias=1.0,injured,46.0,2,True,q_bias,1.0
False,,180.0,122285.5714026447,1015.5159947073771,108.0,22,36,14,15,12,409.46910001002834,rolling,datadriven,demo_valley,6016,16,q_bias=1.0,hiker,62.0,2,True,q_bias,1.0
False,,180.0,100210.34984656452,962.8533494505511,132.0,28,44,16,14,14,496.7025000023568,rolling,datadriven,demo_valley,6017,17,q_bias=1.0,hiker,30.0,2,True,q_bias,1.0
False,,180.0,96033.29729257822,931.102460797948,129.0,20,43,23,17,14,467.0362000024397,rolling,datadriven,demo_valley,6018,18,q_bias=1.0,desoriented,90.0,2,True,q_bias,1.0
False,,180.0,67510.00655983195,866.7301454104181,149.0,19,49,30,17,16,451.880099995833,rolling,datadriven,demo_valley,6019,19,q_bias=1.0,hiker,45.0,2,True,q_bias,1.0
True,169.0,180.0,72238.50192642331,839.6525106628694,135.0,19,45,26,16,15,418.89260000607464,rolling,datadriven,demo_valley,6020,20,q_bias=1.0,desoriented,81.0,2,True,q_bias,1.0
False,,180.0,77380.34869772871,903.3541029856843,144.0,23,48,25,17,16,444.2128999889974,rolling,datadriven,demo_valley,6021,21,q_bias=1.0,desoriented,56.0,2,True,q_bias,1.0
False,,180.0,103983.539591051,1001.0103088655487,132.0,29,44,15,14,14,446.9034999910946,rolling,datadriven,demo_valley,6022,22,q_bias=1.0,desoriented,65.0,2,True,q_bias,1.0
False,,180.0,100176.58164936068,970.4043744797434,135.0,20,45,25,15,15,343.7610000000859,rolling,datadriven,demo_valley,6023,23,q_bias=1.0,photographer,75.0,2,True,q_bias,1.0
True,7.0,180.0,5014.789701060901,47.436522851094836,5.0,1,1,0,0,1,96.29099999801838,rolling,datadriven,demo_valley,6000,0,q_bias=1.2,photographer,55.0,2,True,q_bias,1.2
False,,180.0,100439.75925477245,979.8163203002025,129.0,27,43,16,15,13,439.52690001515293,rolling,datadriven,demo_valley,6001,1,q_bias=1.2,desoriented,89.0,2,True,q_bias,1.2
False,,180.0,78986.7151059508,895.6868110315049,138.0,21,46,25,17,15,536.5269000039916,rolling,datadriven,demo_valley,6002,2,q_bias=1.2,hiker,36.0,2,True,q_bias,1.2
False,,180.0,97473.16249573207,953.0797676484488,132.0,21,44,23,14,13,443.24170000254526,rolling,datadriven,demo_valley,6003,3,q_bias=1.2,desoriented,43.0,2,True,q_bias,1.2
False,,180.0,90194.22198538137,939.6614777810908,135.0,28,45,17,15,14,461.49980000609503,rolling,datadriven,demo_valley,6004,4,q_bias=1.2,hiker,65.0,2,True,q_bias,1.2
False,,180.0,85796.34094361385,932.9881608792402,141.0,27,47,20,15,15,513.6112000045614,rolling,datadriven,demo_valley,6005,5,q_bias=1.2,hiker,89.0,2,True,q_bias,1.2
False,,180.0,100236.4987242212,972.3589286337091,135.0,28,45,17,14,15,500.9250999964934,rolling,datadriven,demo_valley,6006,6,q_bias=1.2,hiker,52.0,2,True,q_bias,1.2
False,,180.0,70890.08829943421,855.171181421257,141.0,22,47,25,17,15,457.4290999926234,rolling,datadriven,demo_valley,6007,7,q_bias=1.2,desoriented,58.0,2,True,q_bias,1.2
False,,180.0,73306.1256821386,884.2270758754155,142.0,21,47,26,17,15,494.27640000430983,rolling,datadriven,demo_valley,6008,8,q_bias=1.2,hiker,70.0,2,True,q_bias,1.2
False,,180.0,103982.99084647199,990.9261320653127,129.0,30,43,13,14,14,503.14329999491747,rolling,datadriven,demo_valley,6009,9,q_bias=1.2,hiker,87.0,2,True,q_bias,1.2
True,149.0,180.0,83027.6833585469,800.2948692744494,111.0,23,37,14,12,13,540.1232999965941,rolling,datadriven,demo_valley,6010,10,q_bias=1.2,hiker,67.0,2,True,q_bias,1.2
False,,180.0,119126.84267197512,1023.097076804009,114.0,24,38,14,14,13,327.4235999924713,rolling,datadriven,demo_valley,6011,11,q_bias=1.2,hiker,57.0,2,True,q_bias,1.2
False,,180.0,98677.14079501768,979.2598855961255,138.0,27,46,19,14,15,519.731900001716,rolling,datadriven,demo_valley,6012,12,q_bias=1.2,desoriented,41.0,2,True,q_bias,1.2
False,,180.0,108966.28966656886,1000.789467189941,123.0,21,41,20,14,13,441.7589000031512,rolling,datadriven,demo_valley,6013,13,q_bias=1.2,desoriented,89.0,2,True,q_bias,1.2
False,,180.0,104768.67082066249,982.7045919046521,126.0,22,42,20,14,12,387.99740000013117,rolling,datadriven,demo_valley,6014,14,q_bias=1.2,hiker,86.0,2,True,q_bias,1.2
False,,180.0,86484.75193146784,915.928763397811,138.0,33,46,13,15,15,507.9374000133612,rolling,datadriven,demo_valley,6015,15,q_bias=1.2,injured,46.0,2,True,q_bias,1.2
False,,180.0,119851.95158193065,1017.5164034820835,111.0,24,37,13,15,12,432.94049999622075,rolling,datadriven,demo_valley,6016,16,q_bias=1.2,hiker,62.0,2,True,q_bias,1.2
False,,180.0,99671.17141655774,958.2065037600374,132.0,27,44,17,14,14,514.7072000027038,rolling,datadriven,demo_valley,6017,17,q_bias=1.2,hiker,30.0,2,True,q_bias,1.2
True,47.0,180.0,25667.380972299165,245.19745920166008,34.0,8,11,3,4,4,378.5677999967447,rolling,datadriven,demo_valley,6018,18,q_bias=1.2,desoriented,90.0,2,True,q_bias,1.2
False,,180.0,68099.60088510922,870.4238859855769,149.0,19,49,30,17,16,598.4092999997301,rolling,datadriven,demo_valley,6019,19,q_bias=1.2,hiker,45.0,2,True,q_bias,1.2
False,,180.0,79539.38987859107,902.0324182783113,141.0,24,47,23,17,15,621.932500001094,rolling,datadriven,demo_valley,6020,20,q_bias=1.2,desoriented,81.0,2,True,q_bias,1.2
False,,180.0,72622.86597700608,878.4216366050932,147.0,23,49,26,17,16,761.8442000020877,rolling,datadriven,demo_valley,6021,21,q_bias=1.2,desoriented,56.0,2,True,q_bias,1.2
False,,180.0,103920.05787849399,999.8206349332954,132.0,30,44,14,14,14,660.0804999989123,rolling,datadriven,demo_valley,6022,22,q_bias=1.2,desoriented,65.0,2,True,q_bias,1.2
False,,180.0,98725.37714670089,967.455159355944,135.0,26,45,19,15,15,596.2065000067014,rolling,datadriven,demo_valley,6023,23,q_bias=1.2,photographer,75.0,2,True,q_bias,1.2
True,3.0,180.0,3288.683298050514,19.173503637390343,1.0,0,0,0,0,1,101.65930000039225,rolling,datadriven,demo_valley,6000,0,q_bias=1.4,photographer,55.0,2,True,q_bias,1.4
False,,180.0,98812.3820250386,979.7964338789752,132.0,26,44,18,15,14,586.493400011932,rolling,datadriven,demo_valley,6001,1,q_bias=1.4,desoriented,89.0,2,True,q_bias,1.4
True,144.0,180.0,63287.373375382034,712.3983506802858,110.0,17,36,19,14,12,549.3046000037793,rolling,datadriven,demo_valley,6002,2,q_bias=1.4,hiker,36.0,2,True,q_bias,1.4
False,,180.0,97352.33662091033,954.9195595158797,132.0,19,44,25,14,13,479.73809999530204,rolling,datadriven,demo_valley,6003,3,q_bias=1.4,desoriented,43.0,2,True,q_bias,1.4
False,,180.0,94246.10273256464,960.7192117943962,135.0,30,45,15,14,14,494.1512999994302,rolling,datadriven,demo_valley,6004,4,q_bias=1.4,hiker,65.0,2,True,q_bias,1.4
False,,180.0,85721.04135270999,931.9945930567096,141.0,27,47,20,15,15,504.8906000010902,rolling,datadriven,demo_valley,6005,5,q_bias=1.4,hiker,89.0,2,True,q_bias,1.4
False,,180.0,100296.76466231272,972.4821716457998,135.0,28,45,17,14,15,513.4221000016623,rolling,datadriven,demo_valley,6006,6,q_bias=1.4,hiker,52.0,2,True,q_bias,1.4
False,,180.0,71147.91412828428,856.1972503648105,141.0,23,47,24,17,15,512.1244999936607,rolling,datadriven,demo_valley,6007,7,q_bias=1.4,desoriented,58.0,2,True,q_bias,1.4
False,,180.0,70755.25661311229,881.1695167373318,145.0,20,48,28,17,16,547.532600001432,rolling,datadriven,demo_valley,6008,8,q_bias=1.4,hiker,70.0,2,True,q_bias,1.4
False,,180.0,96946.61909259122,950.789891531484,126.0,35,42,7,14,13,584.6598999905837,rolling,datadriven,demo_valley,6009,9,q_bias=1.4,hiker,87.0,2,True,q_bias,1.4
False,,180.0,94753.80897777143,929.8730616254962,132.0,29,44,15,14,14,593.0861000024379,rolling,datadriven,demo_valley,6010,10,q_bias=1.4,hiker,67.0,2,True,q_bias,1.4
False,,180.0,118287.38102839602,1027.2598358903813,117.0,24,39,15,14,13,331.1430999992808,rolling,datadriven,demo_valley,6011,11,q_bias=1.4,hiker,57.0,2,True,q_bias,1.4
False,,180.0,98691.20397899285,980.5064957733605,138.0,27,46,19,14,15,655.5185000033816,rolling,datadriven,demo_valley,6012,12,q_bias=1.4,desoriented,41.0,2,True,q_bias,1.4
False,,180.0,108911.27229180007,1002.3192779489739,123.0,23,41,18,14,13,609.7273000041241,rolling,datadriven,demo_valley,6013,13,q_bias=1.4,desoriented,89.0,2,True,q_bias,1.4
False,,180.0,105025.76688564708,980.2045942609668,126.0,24,42,18,14,13,496.138500006964,rolling,datadriven,demo_valley,6014,14,q_bias=1.4,hiker,86.0,2,True,q_bias,1.4
False,,180.0,86084.87694969721,913.818050601676,138.0,33,46,13,15,15,1548.6557999965953,rolling,datadriven,demo_valley,6015,15,q_bias=1.4,injured,46.0,2,True,q_bias,1.4
False,,180.0,119785.03968726203,1028.1088637301623,114.0,24,38,14,15,12,495.23190000218165,rolling,datadriven,demo_valley,6016,16,q_bias=1.4,hiker,62.0,2,True,q_bias,1.4
True,85.0,180.0,42833.710189746795,462.54922147551275,71.0,16,23,7,6,7,456.0550000060175,rolling,datadriven,demo_valley,6017,17,q_bias=1.4,hiker,30.0,2,True,q_bias,1.4
True,118.0,180.0,63937.09459789758,613.0299616193222,84.0,18,28,10,11,9,524.8457999987295,rolling,datadriven,demo_valley,6018,18,q_bias=1.4,desoriented,90.0,2,True,q_bias,1.4
False,,180.0,61980.14011420102,852.2822051299655,151.0,22,50,28,17,16,512.8664999992907,rolling,datadriven,demo_valley,6019,19,q_bias=1.4,hiker,45.0,2,True,q_bias,1.4
False,,180.0,82531.34093639444,916.5283957531117,141.0,28,47,19,16,15,484.56419999820355,rolling,datadriven,demo_valley,6020,20,q_bias=1.4,desoriented,81.0,2,True,q_bias,1.4
False,,180.0,75345.09723447147,892.8487626662927,144.0,24,48,24,17,16,513.2948000109536,rolling,datadriven,demo_valley,6021,21,q_bias=1.4,desoriented,56.0,2,True,q_bias,1.4
False,,180.0,110705.64557122358,1010.8834705881983,126.0,27,42,15,14,14,444.6708000050421,rolling,datadriven,demo_valley,6022,22,q_bias=1.4,desoriented,65.0,2,True,q_bias,1.4
False,,180.0,93876.28016828347,952.7042051721137,138.0,30,46,16,15,15,321.89769999513373,rolling,datadriven,demo_valley,6023,23,q_bias=1.4,photographer,75.0,2,True,q_bias,1.4
True,4.0,180.0,4068.683298050514,28.28923647094974,2.0,0,0,0,0,1,85.30119999886665,rolling,datadriven,demo_valley,6000,0,beta_bias=-0.3,photographer,55.0,2,True,beta_bias,-0.3
False,,180.0,90643.67063636104,924.1341513680645,132.0,22,44,22,16,14,438.897300006829,rolling,datadriven,demo_valley,6001,1,beta_bias=-0.3,desoriented,89.0,2,True,beta_bias,-0.3
True,97.0,180.0,44330.7074968704,481.1192135391745,73.0,13,24,11,9,8,436.23090000346565,rolling,datadriven,demo_valley,6002,2,beta_bias=-0.3,hiker,36.0,2,True,beta_bias,-0.3
False,,180.0,97567.91382921471,956.1404400456597,132.0,20,44,24,14,13,477.5015000022904,rolling,datadriven,demo_valley,6003,3,beta_bias=-0.3,desoriented,43.0,2,True,beta_bias,-0.3
False,,180.0,90361.33859729039,940.5586397266214,135.0,23,45,22,15,14,476.1486999968838,rolling,datadriven,demo_valley,6004,4,beta_bias=-0.3,hiker,65.0,2,True,beta_bias,-0.3
False,,180.0,96187.40634743622,949.1333302216519,132.0,25,44,19,15,14,469.5074000001114,rolling,datadriven,demo_valley,6005,5,beta_bias=-0.3,hiker,89.0,2,True,beta_bias,-0.3
False,,180.0,98459.29419200406,966.8526868377992,138.0,27,46,19,14,15,511.9546999958402,rolling,datadriven,demo_valley,6006,6,beta_bias=-0.3,hiker,52.0,2,True,beta_bias,-0.3
False,,180.0,70919.63345102558,854.2296085919254,141.0,20,47,27,17,15,484.0605000008509,rolling,datadriven,demo_valley,6007,7,beta_bias=-0.3,desoriented,58.0,2,True,beta_bias,-0.3
False,,180.0,76526.55067578328,893.0683225629716,141.0,21,47,26,17,15,531.471799998144,rolling,datadriven,demo_valley,6008,8,beta_bias=-0.3,hiker,70.0,2,True,beta_bias,-0.3
False,,180.0,99392.58716678621,968.7757516683835,129.0,29,43,14,15,14,520.282499991481,rolling,datadriven,demo_valley,6009,9,beta_bias=-0.3,hiker,87.0,2,True,beta_bias,-0.3
False,,180.0,99011.08794843644,965.8119033573115,135.0,26,45,19,14,14,560.7510999989245,rolling,datadriven,demo_valley,6010,10,beta_bias=-0.3,hiker,67.0,2,True,beta_bias,-0.3
False,,180.0,116324.54420919089,1028.923242835268,120.0,24,40,16,14,13,334.0709999911269,rolling,datadriven,demo_valley,6011,11,beta_bias=-0.3,hiker,57.0,2,True,beta_bias,-0.3
True,149.0,180.0,78430.70544362777,797.3132676618359,116.0,24,38,14,12,13,568.6587999944095,rolling,datadriven,demo_valley,6012,12,beta_bias=-0.3,desoriented,41.0,2,True,beta_bias,-0.3
False,,180.0,107972.42994434555,1003.898337175599,126.0,21,42,21,14,13,455.2827999887086,rolling,datadriven,demo_valley,6013,13,beta_bias=-0.3,desoriented,89.0,2,True,beta_bias,-0.3
False,,180.0,105533.41759060496,984.9277271008937,126.0,23,42,19,14,14,347.56369999649905,rolling,datadriven,demo_valley,6014,14,beta_bias=-0.3,hiker,86.0,2,True,beta_bias,-0.3
True,89.0,180.0,36292.996923094586,459.5243635191334,81.0,25,27,2,7,7,432.42600000303355,rolling,datadriven,demo_valley,6015,15,beta_bias=-0.3,injured,46.0,2,True,beta_bias,-0.3
False,,180.0,114357.80668476607,1006.6537886478033,117.0,25,39,14,14,12,417.51860000022134,rolling,datadriven,demo_valley,6016,16,beta_bias=-0.3,hiker,62.0,2,True,beta_bias,-0.3
False,,180.0,99081.58381803177,955.0846548154457,132.0,25,44,19,14,11,501.0094000008394,rolling,datadriven,demo_valley,6017,17,beta_bias=-0.3,hiker,30.0,2,True,beta_bias,-0.3
False,,180.0,90863.50844521925,922.9869986518545,135.0,26,45,19,16,14,451.2137999972765,rolling,datadriven,demo_valley,6018,18,beta_bias=-0.3,desoriented,90.0,2,True,beta_bias,-0.3
False,,180.0,68452.70175525307,869.3117577368935,149.0,16,49,33,17,16,451.6466000013679,rolling,datadriven,demo_valley,6019,19,beta_bias=-0.3,hiker,45.0,2,True,beta_bias,-0.3
False,,180.0,79676.42449979919,893.0805078677394,138.0,20,46,26,17,15,423.4970000024987,rolling,datadriven,demo_valley,6020,20,beta_bias=-0.3,desoriented,81.0,2,True,beta_bias,-0.3
False,,180.0,77704.54540207912,904.1444052315703,144.0,20,48,28,17,16,466.9900000017151,rolling,datadriven,demo_valley,6021,21,beta_bias=-0.3,desoriented,56.0,2,True,beta_bias,-0.3
False,,180.0,103807.16465557725,1000.2602564651468,132.0,28,44,16,14,14,444.0824999992401,rolling,datadriven,demo_valley,6022,22,beta_bias=-0.3,desoriented,65.0,2,True,beta_bias,-0.3
False,,180.0,97103.45544737567,957.2489280154957,135.0,21,45,24,15,15,326.2715000055323,rolling,datadriven,demo_valley,6023,23,beta_bias=-0.3,photographer,75.0,2,True,beta_bias,-0.3
False,,180.0,85026.91956716368,912.1507955610491,141.0,19,47,28,17,16,300.9374000075695,rolling,datadriven,demo_valley,6000,0,beta_bias=-0.15,photographer,55.0,2,True,beta_bias,-0.15
False,,180.0,91160.16470269577,927.5435301937474,132.0,23,44,21,16,14,433.9938000075563,rolling,datadriven,demo_valley,6001,1,beta_bias=-0.15,desoriented,89.0,2,True,beta_bias,-0.15
True,76.0,180.0,34372.28081430497,372.92723629474983,57.0,12,19,7,7,6,377.9240999983813,rolling,datadriven,demo_valley,6002,2,beta_bias=-0.15,hiker,36.0,2,True,beta_bias,-0.15
False,,180.0,97541.32270005475,953.5533317453924,132.0,20,44,24,14,13,468.21730000010575,rolling,datadriven,demo_valley,6003,3,beta_bias=-0.15,desoriented,43.0,2,True,beta_bias,-0.15
False,,180.0,90100.6352549034,938.4245484740322,135.0,27,45,18,15,14,476.1941000015213,rolling,datadriven,demo_valley,6004,4,beta_bias=-0.15,hiker,65.0,2,True,beta_bias,-0.15
False,,180.0,95211.45204417543,941.6929960636537,132.0,25,44,19,15,14,467.23679999195156,rolling,datadriven,demo_valley,6005,5,beta_bias=-0.15,hiker,89.0,2,True,beta_bias,-0.15
False,,180.0,98452.37661662675,967.2291495246672,138.0,28,46,18,14,15,500.3491000006761,rolling,datadriven,demo_valley,6006,6,beta_bias=-0.15,hiker,52.0,2,True,beta_bias,-0.15
False,,180.0,70996.20337691609,855.4479573547001,141.0,19,47,28,17,15,486.8159000052401,rolling,datadriven,demo_valley,6007,7,beta_bias=-0.15,desoriented,58.0,2,True,beta_bias,-0.15
False,,180.0,72751.40903377623,880.2962668333694,142.0,19,47,28,17,15,517.3821999978827,rolling,datadriven,demo_valley,6008,8,beta_bias=-0.15,hiker,70.0,2,True,beta_bias,-0.15
False,,180.0,99846.81251711337,971.290813673058,129.0,28,43,15,15,14,522.9734000031385,rolling,datadriven,demo_valley,6009,9,beta_bias=-0.15,hiker,87.0,2,True,beta_bias,-0.15
True,152.0,180.0,84296.43925639172,828.1109107722866,116.0,24,38,14,12,13,532.0292999977028,rolling,datadriven,demo_valley,6010,10,beta_bias=-0.15,hiker,67.0,2,True,beta_bias,-0.15
False,,180.0,117263.56729522158,1021.5571241653342,117.0,24,39,15,14,13,340.77679999336397,rolling,datadriven,demo_valley,6011,11,beta_bias=-0.15,hiker,57.0,2,True,beta_bias,-0.15
False,,180.0,97247.78440803992,969.2919876494273,138.0,28,46,18,14,15,539.3876999951317,rolling,datadriven,demo_valley,6012,12,beta_bias=-0.15,desoriented,41.0,2,True,beta_bias,-0.15
False,,180.0,113164.83332590011,1018.164475615203,124.0,21,41,20,14,13,417.95619999993505,rolling,datadriven,demo_valley,6013,13,beta_bias=-0.15,desoriented,89.0,2,True,beta_bias,-0.15
False,,180.0,104054.86467849222,977.3507068193937,126.0,25,42,17,14,14,366.1388000000443,rolling,datadriven,demo_valley,6014,14,beta_bias=-0.15,hiker,86.0,2,True,beta_bias,-0.15
False,,180.0,90037.33861888376,942.0869562599319,141.0,32,47,15,15,15,515.8589000011489,rolling,datadriven,demo_valley,6015,15,beta_bias=-0.15,injured,46.0,2,True,beta_bias,-0.15
False,,180.0,114706.79860653132,1009.1917335526621,117.0,24,39,15,14,12,423.76920000424434,rolling,datadriven,demo_valley,6016,16,beta_bias=-0.15,hiker,62.0,2,True,beta_bias,-0.15
False,,180.0,99802.88477849087,958.6925857185531,132.0,26,44,18,14,10,506.1255000082383,rolling,datadriven,demo_valley,6017,17,beta_bias=-0.15,hiker,30.0,2,True,beta_bias,-0.15
True,48.0,180.0,26342.654158191966,251.24033783383533,35.0,9,11,2,4,4,335.1909999955751,rolling,datadriven,demo_valley,6018,18,beta_bias=-0.15,desoriented,90.0,2,True,beta_bias,-0.15
False,,180.0,68061.48827355381,869.0995924409353,149.0,18,49,31,17,16,468.3571999921696,rolling,datadriven,demo_valley,6019,19,beta_bias=-0.15,hiker,45.0,2,True,beta_bias,-0.15
False,,180.0,79057.68388176206,899.811898151444,141.0,20,47,27,17,16,470.32220000801317,rolling,datadriven,demo_valley,6020,20,beta_bias=-0.15,desoriented,81.0,2,True,beta_bias,-0.15
False,,180.0,77452.31207046418,902.9899446089441,144.0,22,48,26,17,16,466.02119999806746,rolling,datadriven,demo_valley,6021,21,beta_bias=-0.15,desoriented,56.0,2,True,beta_bias,-0.15
False,,180.0,103621.96228046459,999.3436808285685,132.0,29,44,15,14,14,458.9417000006506,rolling,datadriven,demo_valley,6022,22,beta_bias=-0.15,desoriented,65.0,2,True,beta_bias,-0.15
False,,180.0,95691.75489028444,956.542609276263,138.0,22,46,24,15,15,359.2341999983546,rolling,datadriven,demo_valley,6023,23,beta_bias=-0.15,photographer,75.0,2,True,beta_bias,-0.15
True,164.0,180.0,82007.50703013322,840.5953795025478,122.0,15,40,25,16,14,324.9799000004714,rolling,datadriven,demo_valley,6000,0,beta_bias=0.0,photographer,55.0,2,True,beta_bias,0.0
False,,180.0,91298.35687113847,929.1538573324337,132.0,23,44,21,16,14,457.0863000035388,rolling,datadriven,demo_valley,6001,1,beta_bias=0.0,desoriented,89.0,2,True,beta_bias,0.0
False,,180.0,78612.4335233641,877.5050984512689,133.0,19,44,25,18,14,527.1640999999363,rolling,datadriven,demo_valley,6002,2,beta_bias=0.0,hiker,36.0,2,True,beta_bias,0.0
False,,180.0,96836.57951753438,951.9104065691396,132.0,21,44,23,14,13,481.8011999959708,rolling,datadriven,demo_valley,6003,3,beta_bias=0.0,desoriented,43.0,2,True,beta_bias,0.0
False,,180.0,90268.03925561832,939.4042305845052,135.0,26,45,19,15,14,555.2706000007674,rolling,datadriven,demo_valley,6004,4,beta_bias=0.0,hiker,65.0,2,True,beta_bias,0.0
False,,180.0,95357.55554251675,941.6109308884384,132.0,27,44,17,15,14,522.4787000015567,rolling,datadriven,demo_valley,6005,5,beta_bias=0.0,hiker,89.0,2,True,beta_bias,0.0
False,,180.0,98193.7195364862,966.5270576695646,138.0,30,46,16,14,15,501.0032999980467,rolling,datadriven,demo_valley,6006,6,beta_bias=0.0,hiker,52.0,2,True,beta_bias,0.0
False,,180.0,70604.74902566131,853.9275774804737,141.0,20,47,27,17,15,509.5826000060697,rolling,datadriven,demo_valley,6007,7,beta_bias=0.0,desoriented,58.0,2,True,beta_bias,0.0
False,,180.0,70976.2561348478,883.0902118639649,145.0,22,48,26,17,16,544.6695000055115,rolling,datadriven,demo_valley,6008,8,beta_bias=0.0,hiker,70.0,2,True,beta_bias,0.0
False,,180.0,99946.5665025806,971.7965153004466,129.0,28,43,15,15,14,539.1732999905798,rolling,datadriven,demo_valley,6009,9,beta_bias=0.0,hiker,87.0,2,True,beta_bias,0.0
False,,180.0,96294.985316618,936.8306125418901,132.0,27,44,17,14,14,610.1354000056745,rolling,datadriven,demo_valley,6010,10,beta_bias=0.0,hiker,67.0,2,True,beta_bias,0.0
False,,180.0,117264.65833228489,1016.6092569820772,114.0,23,38,15,14,13,316.96450000436016,rolling,datadriven,demo_valley,6011,11,beta_bias=0.0,hiker,57.0,2,True,beta_bias,0.0
False,,180.0,96800.70019049347,966.971772164594,138.0,26,46,20,14,15,535.5713999961154,rolling,datadriven,demo_valley,6012,12,beta_bias=0.0,desoriented,41.0,2,True,beta_bias,0.0
False,,180.0,117575.88467109475,1037.13034276307,120.0,23,40,17,14,13,419.68529999576276,rolling,datadriven,demo_valley,6013,13,beta_bias=0.0,desoriented,89.0,2,True,beta_bias,0.0
False,,180.0,101950.741580832,978.0065852730997,129.0,24,43,19,14,12,351.7350999991322,rolling,datadriven,demo_valley,6014,14,beta_bias=0.0,hiker,86.0,2,True,beta_bias,0.0
True,82.0,180.0,41162.774434412975,428.1126834050798,66.0,22,22,0,6,7,374.4663999968907,rolling,datadriven,demo_valley,6015,15,beta_bias=0.0,injured,46.0,2,True,beta_bias,0.0
True,74.0,180.0,49135.2153022703,422.582373868127,47.0,11,15,4,6,6,345.8273000042027,rolling,datadriven,demo_valley,6016,16,beta_bias=0.0,hiker,62.0,2,True,beta_bias,0.0
False,,180.0,100210.34984656452,962.8533494505511,132.0,28,44,16,14,14,500.3198999984306,rolling,datadriven,demo_valley,6017,17,beta_bias=0.0,hiker,30.0,2,True,beta_bias,0.0
False,,180.0,96033.29729257822,931.102460797948,129.0,20,43,23,17,14,439.6292000019457,rolling,datadriven,demo_valley,6018,18,beta_bias=0.0,desoriented,90.0,2,True,beta_bias,0.0
False,,180.0,67510.00655983195,866.7301454104181,149.0,19,49,30,17,16,445.3707000002396,rolling,datadriven,demo_valley,6019,19,beta_bias=0.0,hiker,45.0,2,True,beta_bias,0.0
False,,180.0,78847.83027433313,899.2280304992112,141.0,20,47,27,17,16,423.02659999677417,rolling,datadriven,demo_valley,6020,20,beta_bias=0.0,desoriented,81.0,2,True,beta_bias,0.0
False,,180.0,77380.34869772871,903.3541029856843,144.0,23,48,25,17,16,430.5493999900136,rolling,datadriven,demo_valley,6021,21,beta_bias=0.0,desoriented,56.0,2,True,beta_bias,0.0
False,,180.0,103983.539591051,1001.0103088655487,132.0,29,44,15,14,14,437.2584000120696,rolling,datadriven,demo_valley,6022,22,beta_bias=0.0,desoriented,65.0,2,True,beta_bias,0.0
False,,180.0,100176.58164936068,970.4043744797434,135.0,20,45,25,15,15,318.38470000002417,rolling,datadriven,demo_valley,6023,23,beta_bias=0.0,photographer,75.0,2,True,beta_bias,0.0
True,4.0,180.0,4068.683298050514,28.28923647094974,2.0,0,0,0,0,1,80.99150000089139,rolling,datadriven,demo_valley,6000,0,beta_bias=0.15,photographer,55.0,2,True,beta_bias,0.15
False,,180.0,90040.54231265115,935.4065692401457,135.0,24,45,21,15,14,425.9482999896136,rolling,datadriven,demo_valley,6001,1,beta_bias=0.15,desoriented,89.0,2,True,beta_bias,0.15
True,87.0,180.0,39544.21085775145,433.1483939982534,64.0,12,21,9,8,7,409.21449999405013,rolling,datadriven,demo_valley,6002,2,beta_bias=0.15,hiker,36.0,2,True,beta_bias,0.15
False,,180.0,96764.03112139928,953.0883816208914,132.0,22,44,22,14,13,441.6846999920381,rolling,datadriven,demo_valley,6003,3,beta_bias=0.15,desoriented,43.0,2,True,beta_bias,0.15
False,,180.0,89568.95482859071,936.158783909774,135.0,28,45,17,15,14,473.7295999912021,rolling,datadriven,demo_valley,6004,4,beta_bias=0.15,hiker,65.0,2,True,beta_bias,0.15
False,,180.0,95357.79750704061,941.3466474227298,132.0,27,44,17,15,14,499.3192999809253,rolling,datadriven,demo_valley,6005,5,beta_bias=0.15,hiker,89.0,2,True,beta_bias,0.15
False,,180.0,91858.74987067802,922.2729399965167,135.0,28,45,17,14,14,521.7539000150282,rolling,datadriven,demo_valley,6006,6,beta_bias=0.15,hiker,52.0,2,True,beta_bias,0.15
False,,180.0,70532.45249195481,853.2593486932676,141.0,20,47,27,17,15,468.0985000159126,rolling,datadriven,demo_valley,6007,7,beta_bias=0.15,desoriented,58.0,2,True,beta_bias,0.15
False,,180.0,71808.34547244215,877.0548145749833,145.0,23,48,25,17,16,525.578000002497,rolling,datadriven,demo_valley,6008,8,beta_bias=0.15,hiker,70.0,2,True,beta_bias,0.15
False,,180.0,102871.13367701517,987.0258389802664,129.0,30,43,13,14,14,512.975000008737,rolling,datadriven,demo_valley,6009,9,beta_bias=0.15,hiker,87.0,2,True,beta_bias,0.15
False,,180.0,97131.19214886831,931.5551628586978,129.0,24,43,19,14,14,575.0090999972599,rolling,datadriven,demo_valley,6010,10,beta_bias=0.15,hiker,67.0,2,True,beta_bias,0.15
False,,180.0,122282.2288860713,1013.3112471427248,108.0,20,36,16,15,12,301.21030000918836,rolling,datadriven,demo_valley,6011,11,beta_bias=0.15,hiker,57.0,2,True,beta_bias,0.15
False,,180.0,97370.03718828718,968.9819951689008,138.0,26,46,20,14,15,523.9735999966797,rolling,datadriven,demo_valley,6012,12,beta_bias=0.15,desoriented,41.0,2,True,beta_bias,0.15
False,,180.0,118236.1838673706,1039.4464295682833,120.0,23,40,17,14,13,427.8923999900144,rolling,datadriven,demo_valley,6013,13,beta_bias=0.15,desoriented,89.0,2,True,beta_bias,0.15
False,,180.0,103238.99807255802,972.3197794202183,126.0,22,42,20,15,12,342.66220000063186,rolling,datadriven,demo_valley,6014,14,beta_bias=0.15,hiker,86.0,2,True,beta_bias,0.15
False,,180.0,91486.05062918863,943.6643572091199,138.0,29,46,17,15,15,512.3061999875063,rolling,datadriven,demo_valley,6015,15,beta_bias=0.15,injured,46.0,2,True,beta_bias,0.15
False,,180.0,122267.0401436255,1013.7356019424119,109.0,22,36,14,15,12,404.3491000011272,rolling,datadriven,demo_valley,6016,16,beta_bias=0.15,hiker,62.0,2,True,beta_bias,0.15
False,,180.0,100597.58677057292,976.115808225417,135.0,28,45,17,14,14,483.47810000996105,rolling,datadriven,demo_valley,6017,17,beta_bias=0.15,hiker,30.0,2,True,beta_bias,0.15
False,,180.0,95932.0411715901,918.0881831210199,126.0,21,42,21,18,14,453.8797999994131,rolling,datadriven,demo_valley,6018,18,beta_bias=0.15,desoriented,90.0,2,True,beta_bias,0.15
False,,180.0,67451.44324379464,866.9954213683725,149.0,18,49,31,17,16,446.3970000069821,rolling,datadriven,demo_valley,6019,19,beta_bias=0.15,hiker,45.0,2,True,beta_bias,0.15
False,,180.0,78594.72213993223,897.7423377158118,141.0,20,47,27,17,16,425.1232000297023,rolling,datadriven,demo_valley,6020,20,beta_bias=0.15,desoriented,81.0,2,True,beta_bias,0.15
False,,180.0,72623.17151503175,882.1783969876294,147.0,26,49,23,17,16,422.9654999780905,rolling,datadriven,demo_valley,6021,21,beta_bias=0.15,desoriented,56.0,2,True,beta_bias,0.15
False,,180.0,104580.52196045953,1003.652580321339,132.0,27,44,17,14,14,428.6371000125655,rolling,datadriven,demo_valley,6022,22,beta_bias=0.15,desoriented,65.0,2,True,beta_bias,0.15
False,,180.0,97994.20678799297,960.0897001836568,135.0,21,45,24,15,15,319.9949999943783,rolling,datadriven,demo_valley,6023,23,beta_bias=0.15,photographer,75.0,2,True,beta_bias,0.15
True,3.0,180.0,3288.683298050514,19.173503637390343,1.0,0,0,0,0,1,88.46499999890511,rolling,datadriven,demo_valley,6000,0,beta_bias=0.3,photographer,55.0,2,True,beta_bias,0.3
False,,180.0,90027.06653334337,935.3412437723914,135.0,24,45,21,15,14,457.5699000070017,rolling,datadriven,demo_valley,6001,1,beta_bias=0.3,desoriented,89.0,2,True,beta_bias,0.3
True,75.0,180.0,33361.14317668546,366.5591030952761,56.0,10,18,8,7,6,384.80479999088857,rolling,datadriven,demo_valley,6002,2,beta_bias=0.3,hiker,36.0,2,True,beta_bias,0.3
False,,180.0,96777.48445743651,950.4445037452936,132.0,21,44,23,14,13,433.12119998881826,rolling,datadriven,demo_valley,6003,3,beta_bias=0.3,desoriented,43.0,2,True,beta_bias,0.3
True,144.0,180.0,73065.16845841918,770.6684734694641,113.0,22,37,15,11,12,472.6321999987704,rolling,datadriven,demo_valley,6004,4,beta_bias=0.3,hiker,65.0,2,True,beta_bias,0.3
False,,180.0,98363.07677201138,956.1714615241124,129.0,27,43,16,15,14,507.6630000003206,rolling,datadriven,demo_valley,6005,5,beta_bias=0.3,hiker,89.0,2,True,beta_bias,0.3
False,,180.0,93295.79096571897,921.594039191759,132.0,25,44,19,14,14,544.1476000050898,rolling,datadriven,demo_valley,6006,6,beta_bias=0.3,hiker,52.0,2,True,beta_bias,0.3
False,,180.0,76240.14728267539,897.80621639377,144.0,21,48,27,17,16,491.71469999964756,rolling,datadriven,demo_valley,6007,7,beta_bias=0.3,desoriented,58.0,2,True,beta_bias,0.3
False,,180.0,69878.36632075146,879.0299787663123,145.0,22,48,26,17,16,545.4405000073166,rolling,datadriven,demo_valley,6008,8,beta_bias=0.3,hiker,70.0,2,True,beta_bias,0.3
False,,180.0,103250.75687630502,988.5364070954422,129.0,28,43,15,14,14,519.2347999909543,rolling,datadriven,demo_valley,6009,9,beta_bias=0.3,hiker,87.0,2,True,beta_bias,0.3
False,,180.0,94778.18634680186,929.774170164858,132.0,25,44,19,14,14,640.503799997532,rolling,datadriven,demo_valley,6010,10,beta_bias=0.3,hiker,67.0,2,True,beta_bias,0.3
False,,180.0,123092.47235319116,1018.9941424150971,108.0,19,36,17,15,12,339.59780000077444,rolling,datadriven,demo_valley,6011,11,beta_bias=0.3,hiker,57.0,2,True,beta_bias,0.3
False,,180.0,97304.8699945708,968.586275516621,138.0,26,46,20,14,15,544.4616000004316,rolling,datadriven,demo_valley,6012,12,beta_bias=0.3,desoriented,41.0,2,True,beta_bias,0.3
False,,180.0,118467.70327224862,1041.5887227407395,120.0,23,40,17,14,13,448.78180001614965,rolling,datadriven,demo_valley,6013,13,beta_bias=0.3,desoriented,89.0,2,True,beta_bias,0.3
False,,180.0,103325.50954926916,972.5288686545017,126.0,22,42,20,15,12,392.94119999067334,rolling,datadriven,demo_valley,6014,14,beta_bias=0.3,hiker,86.0,2,True,beta_bias,0.3
False,,180.0,90861.09349244647,929.8597101782161,135.0,31,45,14,15,14,553.6876999904052,rolling,datadriven,demo_valley,6015,15,beta_bias=0.3,injured,46.0,2,True,beta_bias,0.3
False,,180.0,122723.71146444268,1019.4444127682208,108.0,23,36,13,15,12,472.28060000634287,rolling,datadriven,demo_valley,6016,16,beta_bias=0.3,hiker,62.0,2,True,beta_bias,0.3
False,,180.0,101114.69067722818,968.832008455244,132.0,26,44,18,14,13,517.6232000176242,rolling,datadriven,demo_valley,6017,17,beta_bias=0.3,hiker,30.0,2,True,beta_bias,0.3
False,,180.0,95452.52849796494,926.2257795764765,129.0,22,43,21,17,14,456.0651000119833,rolling,datadriven,demo_valley,6018,18,beta_bias=0.3,desoriented,90.0,2,True,beta_bias,0.3
False,,180.0,67082.57086411343,865.1270367110303,149.0,18,49,31,17,16,455.51639999575855,rolling,datadriven,demo_valley,6019,19,beta_bias=0.3,hiker,45.0,2,True,beta_bias,0.3
False,,180.0,78594.72213993223,897.7423377158118,141.0,20,47,27,17,16,429.34299999978975,rolling,datadriven,demo_valley,6020,20,beta_bias=0.3,desoriented,81.0,2,True,beta_bias,0.3
False,,180.0,72662.93721034528,882.8700540380057,147.0,26,49,23,17,16,421.02169999998296,rolling,datadriven,demo_valley,6021,21,beta_bias=0.3,desoriented,56.0,2,True,beta_bias,0.3
False,,180.0,105521.4984938066,1007.7597305426572,132.0,27,44,17,14,14,433.60150000262365,rolling,datadriven,demo_valley,6022,22,beta_bias=0.3,desoriented,65.0,2,True,beta_bias,0.3
False,,180.0,97068.29598012601,965.3430932538947,138.0,24,46,22,15,15,321.3504000159446,rolling,datadriven,demo_valley,6023,23,beta_bias=0.3,photographer,75.0,2,True,beta_bias,0.3
